muncod,year,s_uribe_02,s_uribe_06,hom_r,manu_sample
5001,1995,.72023332,.73710823,198.915319213258,1
5002,1995,.58230013,.84987849,84.52111106842368,1
5004,1995,.5225718,.79554939,80.1924619085806,
5021,1995,.49834985,.85657895,72.25433526011561,
5030,1995,.49469784,.65047973,75.24454477050413,1
5031,1995,.51927811,.77354819,71.52344947379177,
5034,1995,.68751723,.84798783,80.15831266751835,1
5036,1995,.51683819,.19875777,46.84572142410993,
5038,1995,.52920079,.29064038,54.58515283842794,
5040,1995,.30124778,.59682804,84.17508417508417,
5042,1995,.41072458,.64389092,45.32269760696157,1
5044,1995,.28006873,.84237289,76.05526682722778,
5045,1995,.46145979,.48115155,283.5997263511413,1
5051,1995,.34854385,.53651863,51.50877795424304,1
5055,1995,.43664539,.80417955,72.18479307025986,
5059,1995,.51289237,.23159784,43.89815627743635,
5079,1995,.5911656,.60487843,242.1790415408286,1
5086,1995,.65563333,.66629213,73.52941176470588,
5088,1995,.036216799,.67394882,145.9167945629562,1
5091,1995,.53254694,.26666668,59.35221298965575,
5093,1995,.59764564,.86840689,72.16308858019123,
5101,1995,.57460463,.30660981,81.63542977652301,1
5107,1995,.30911681,.65246451,30.55300947143294,
5113,1995,.39253113,.61403507,50.12531328320802,
5120,1995,.27508995,.45394146,85.82527780287289,1
5125,1995,.36497426,.22350994,94.37778077389781,
5129,1995,.6079675,.61244965,170.2669235002752,1
5134,1995,.62178516,.71285141,63.61323155216285,
5138,1995,.41654778,.82951069,86.65511265164645,
5142,1995,.53551227,.6704374,29.59017606154757,
5145,1995,.50052357,.76695496,100.0375140677754,
5147,1995,.43752319,.46468484,293.4947049924357,1
5148,1995,.61708432,.64964199,76.75775253300583,1
5150,1995,.50430417,.63432384,66.44518272425249,
5154,1995,.32840055,.65671372,73.85391335675043,1
5172,1995,.4961386,.55306637,466.1549802697194,1
5190,1995,.44985163,.60400569,88.23529411764706,
5197,1995,.46360153,.45500001,75.87930726655955,
5206,1995,.44209808,.869165,47.93863854266539,
5209,1995,.2326923,.86505389,84.05127127547804,1
5212,1995,.62984288,.52558571,161.7444437788295,1
5234,1995,.29935965,.58735073,105.2975563705022,1
5237,1995,.85876697,.84184867,57.91226292167366,
5240,1995,.6104272,.71356249,77.77561734396267,
5250,1995,.38929579,.58707994,76.73323793525374,1
5264,1995,.3519564,.19754253,67.82419967444385,
5266,1995,.77085871,.22396933,112.303855507536,1
5282,1995,.57943785,.66784281,80.72739632902788,1
5284,1995,.37813574,.6029703,73.52372107422026,1
5306,1995,.18373367,.68319327,62.27942702927133,
5308,1995,.63215768,.46221858,131.2294953913451,1
5310,1995,.5,.72467184,72.87870900572618,
5313,1995,.28619719,.84769231,99.97778271495224,
5315,1995,.28586388,.54394078,77.66387076731904,
5318,1995,.70089775,.71350038,82.9985724245543,1
5321,1995,.67718571,.87413156,44.86987735566856,
5347,1995,.62443948,.74003106,63.89776357827476,
5353,1995,.52615935,.75299042,84.44162972345366,
5360,1995,.69573194,.66832262,210.0375312965759,1
5361,1995,.185251,.55449694,69.72333779562695,1
5364,1995,.7608878,.29229757,95.81603321622484,
5368,1995,.69608051,.83263201,58.32944470368642,
5376,1995,.680237,.75388235,82.80015054572827,1
5380,1995,.60391879,.63699079,294.3698861924298,1
5390,1995,.45253012,.28547856,0,
5400,1995,.58528978,.73629653,87.6372984342136,
5411,1995,.56180531,.8021872,46.97482149567831,
5425,1995,.55599999,.81565863,79.41009642654566,
5440,1995,.7315169,.71924525,66.26905235255136,1
5467,1995,.26577103,.72533447,61.86204763377668,
5475,1995,,.42160279,0,
5480,1995,.55410689,.65583378,252.7379949452401,
5483,1995,.7640056,.87672055,90.56213209133837,
5490,1995,.42936116,.71181184,103.1695993580558,1
5495,1995,.33581394,.58333331,65.59835067004029,
5501,1995,.53474677,.74470234,35.29827038475115,
5541,1995,.61347049,.84738225,72.63922518159806,
5543,1995,.042659976,.44084084,97.81545484186501,
5576,1995,.5896284,.83273309,0,
5579,1995,.52558839,.58203912,70.77741917218731,1
5585,1995,.38208693,.50012153,44.30333013364838,
5591,1995,.66471934,.78897947,43.54262823304015,
5604,1995,.56231493,.70453972,76.17803895962564,
5607,1995,.71022278,.75055611,84.88964346349745,
5615,1995,.72996634,.67946744,70.97415250409715,1
5628,1995,.32710281,.15802172,68.83101984627739,
5631,1995,.73353446,.71064138,399.845221204695,1
5642,1995,.79657853,.53420669,73.5332738063974,
5647,1995,.37625289,.68881857,82.85862247540135,
5649,1995,.60772359,.81004655,76.00709399543958,
5652,1995,.01058201,.83033419,67.79661016949153,
5656,1995,.54684836,.73202449,72.95276308590188,
5658,1995,.60000002,.84096199,58.0046403712297,
5659,1995,.19725275,.47047406,0,
5660,1995,.35245901,.87967759,71.50286011440457,
5664,1995,.77500796,.77377963,85.24240809802876,
5665,1995,.59215456,.8279382,121.2467013765067,1
5667,1995,.51634473,.8069666,60.77487971638389,
5670,1995,.61193138,.79898036,87.61682242990653,
5674,1995,.73038262,.86100847,54.91720175735046,1
5679,1995,.42514253,.73634928,72.04385277995301,1
5686,1995,.72559285,.88104731,75.13148009015778,1
5690,1995,.49176893,.22076707,66.8896321070234,
5697,1995,.75758535,.85823214,74.94914165387772,1
5736,1995,.57627755,.62213618,80.49849438001252,1
5756,1995,.60430688,.85620123,73.02434905638849,1
5761,1995,.47893175,.62684005,71.69029791301577,
5789,1995,.61028081,.79287529,76.52782333005356,
5790,1995,.4198519,.28193745,62.23291706426586,1
5792,1995,.46061555,.55568314,153.288740245262,
5809,1995,.50363636,.72881889,75.25083612040133,
5819,1995,.15406163,.68063873,65.58093780741065,
5837,1995,.31179014,.45224783,312.475511323564,1
5842,1995,.24981132,.59561753,101.3513513513514,
5847,1995,.54186374,.82570386,65.10946528851632,1
5854,1995,.37142858,.49403343,71.36626754420743,
5856,1995,.55461395,.67278135,75.34172855451513,
5858,1995,.43465045,.35064936,71.79219423051821,
5861,1995,.54281384,.7546798,58.57372968223752,
5873,1995,.18877551,.62847221,50.98399102681758,
5885,1995,.54872882,.71127719,78.32606019917199,
5887,1995,.64758825,.72327727,86.76668159426781,1
5890,1995,.49195951,.77263874,76.56967840735069,
5893,1995,.43578321,.45211121,80.07829878103034,
5895,1995,.27275103,.42633471,67.56249530816005,1
8001,1995,.42365754,.44004047,32.0396475106259,1
8078,1995,.34597865,.31815898,47.12641098718611,1
8137,1995,.33070087,.68310004,15.49006699453975,1
8141,1995,.29467162,.51248437,61.08735491753207,
8296,1995,.38162678,.36250433,49.11323328785812,
8372,1995,.41975307,.4066194,38.14755474174105,
8421,1995,.21356291,.51781023,30.61179866182709,
8433,1995,.28417489,.40378156,33.94817245671608,1
8436,1995,.36952141,.65414506,15.65312671206074,
8520,1995,.24595582,.34884125,39.72282296861897,1
8549,1995,.50330454,.50227791,71.34703196347031,
8558,1995,.34615386,.26453099,0,
8560,1995,.25030699,.55567664,51.78663904712584,
8573,1995,.27818954,.31434807,25.37346569824606,1
8606,1995,.14961949,.36573258,48.19910612566822,
8634,1995,.29167214,.38406828,21.5157872088645,
8638,1995,.36691502,.37685573,5.190154277335894,1
8675,1995,.18684313,.61257064,0,
8685,1995,.24997181,.34753364,25.62569402921329,1
8758,1995,.31829646,.37296936,29.8040384472096,1
8770,1995,.1769204,.50895798,0,
8832,1995,.29594791,.32194105,36.83580440187863,
8849,1995,.27129337,.38617402,24.64268112370626,
11001,1995,.56702274,.63412213,59.61247138689428,1
13001,1995,.42100438,.54136062,27.5454916998387,1
13006,1995,.22681487,.87262356,30.30813268226974,1
13030,1995,.21944036,.71983355,0,
13042,1995,.00074766355,.67402136,0,
13052,1995,,.56141049,5.751864562762429,1
13062,1995,.29504666,.83333331,0,
13074,1995,.49418604,.73024237,0,
13140,1995,.40933621,.72054738,19.94256541161455,1
13160,1995,.40232974,.66806901,0,
13188,1995,.33425927,.72967792,0,
13212,1995,.10340479,.59374255,0,
13222,1995,.12837601,.52654481,0,
13244,1995,.23059824,.77705628,47.77323637135729,1
13248,1995,.59711432,.78531748,11.07665042091272,
13268,1995,.28006589,.72436816,0,
13300,1995,.50307035,.75423729,0,
13430,1995,.39632338,.49490803,12.2705032440143,1
13433,1995,.30639979,.74753201,17.51390165944218,1
13440,1995,.31518504,.61745548,0,
13442,1995,.10815378,.62869298,2.051071684955389,1
13458,1995,.41275167,.4476386,0,
13468,1995,.38189474,.64784086,6.418485237483954,1
13473,1995,.5939759,.77840161,0,1
13490,1995,,,0,
13549,1995,.34758455,.8119598,0,1
13580,1995,.68257058,.69178081,0,
13600,1995,.38231468,.63327122,0,1
13620,1995,.10799632,.39238265,0,
13647,1995,.26494464,.70757127,0,
13650,1995,.34694991,.72398412,0,
13654,1995,.2214575,.65316701,7.564582624153712,1
13655,1995,.79797977,.53187251,0,
13657,1995,.36142701,.76544911,23.03793580095223,1
13667,1995,.53056669,.66015494,3.311477581296774,
13670,1995,.6303007,.60607338,0,1
13673,1995,.18767734,.32597753,20.6996481059822,1
13683,1995,.22591588,.41384035,25.38500592316805,
13688,1995,.61257738,.67387426,0,1
13744,1995,.70415443,.58693397,0,
13760,1995,.13718539,.2378768,7.320644216691068,
13780,1995,.21214393,.64525694,0,
13810,1995,.19978745,.80180997,0,
13836,1995,.43098119,.51272887,14.15943524081154,1
13838,1995,.36444783,.52850926,66.47831145088915,
13873,1995,.11004385,.47606954,33.89370932754881,
13894,1995,.14932127,.60687596,51.15525620257482,
15001,1995,.42569169,.48599559,16.74687538561884,1
15022,1995,.60129869,.76590633,67.55235307363208,
15047,1995,.74206138,.89195371,5.02108857200241,
15051,1995,.54700857,.57355767,39.19263178522438,
15087,1995,.34149659,.6201117,13.84562132225684,
15090,1995,.23774955,.7096774,0,
15092,1995,.20619786,.47079438,32.38341968911917,
15097,1995,.66142088,.82876712,6.397543343356151,
15104,1995,.17252748,.54584092,0,
15106,1995,.65010142,.83539486,96.18467457518436,
15109,1995,.44616026,.56387866,51.05513955071477,
15114,1995,.55754477,.61712849,0,
15131,1995,.3688156,.50741655,87.55034144633164,
15135,1995,.41326532,.85575485,21.92021043402017,
15162,1995,.4423418,.60108697,0,
15172,1995,.72445387,.83574575,51.92107995846313,
15176,1995,.62801707,.65355259,59.29188548195833,1
15180,1995,.05864929,.91079813,70.27406886858749,
15183,1995,.5424571,.92172092,0,
15185,1995,.49384615,.63086551,12.40079365079365,
15187,1995,.3562341,.43937007,0,
15189,1995,.65470362,.82043344,0,
15204,1995,.30161011,.43578103,8.67227473766369,
15212,1995,.46815497,.58796597,17.825311942959,
15215,1995,.43170488,.64853197,100.8064516129032,
15218,1995,.51804513,.78251445,0,
15223,1995,.28372741,.48538011,0,
15224,1995,.59394795,.50635207,0,
15226,1995,.30942896,.67067832,101.3684744044602,
15232,1995,.086821012,.093450785,0,
15236,1995,.87862515,.86797065,26.01456815816858,
15238,1995,.51853442,.62628871,19.34928359277498,1
15244,1995,.24482989,.88455081,27.43860611880917,
15248,1995,.77700347,.93636364,51.65289256198347,
15272,1995,.41218638,.54258412,44.85645933014354,
15276,1995,.57126635,.76193213,0,
15293,1995,.53505236,.64601767,26.49708532061473,
15296,1995,.46164674,.83005548,14.7819660014782,
15299,1995,.56871718,.67807746,18.46267462613084,
15317,1995,.60331631,.9057889,31.69572107765452,
15322,1995,.58889419,.72929937,93.10120100549297,
15325,1995,.83723462,.86567813,7.703566751405901,
15332,1995,.54103124,.87459457,10.36914143508917,
15362,1995,.55647057,.66875654,0,
15367,1995,.14814815,.57925725,41.57427937915743,
15368,1995,.39625713,.85012138,0,
15377,1995,.26079136,.80048466,95.2018278750952,
15380,1995,.72752041,.77508897,21.47766323024055,
15401,1995,.29805014,.45317221,66.8896321070234,
15403,1995,.82850432,.94036698,24.16042522348393,
15407,1995,.36939374,.48379272,0,
15425,1995,.80348396,.86906546,66.8896321070234,
15442,1995,.50747895,.51514083,86.96597456245244,
15455,1995,.271456,.67940605,0,
15464,1995,.7288323,.88491166,44.25431479569258,
15466,1995,.50422537,.75325412,20.60156571899464,
15469,1995,.43117025,.51622665,30.34243606415258,
15476,1995,.13253546,.22957867,45.93477262287551,
15480,1995,.73676598,.7790283,100.2606777621817,
15491,1995,.25973272,.46399856,16.57962364254331,
15494,1995,.28353521,.4563998,0,
15500,1995,.44141915,.51791531,0,
15507,1995,.84760815,.77175963,107.2438334795749,
15511,1995,.77957445,.79027903,0,
15514,1995,.32626188,.79820627,0,
15516,1995,.40977132,.54345709,3.938248267170763,1
15518,1995,.1769437,.85391569,196.7342120794806,
15522,1995,.60434055,.9017632,0,
15531,1995,.54706639,.52842712,148.3207966945651,
15533,1995,.19393939,.72830188,0,
15537,1995,.10032513,.37471884,15.23693432881304,
15542,1995,.59751594,.74392784,19.00057001710051,
15550,1995,,.80952382,0,
15572,1995,.58716762,.5673241,53.82131324004305,1
15580,1995,.8037346,.74791086,55.5594138481839,
15599,1995,.49985185,.75145274,22.15330084182543,
15600,1995,.48220733,.72549021,8.298066550493735,
15621,1995,.60279441,.77469671,0,
15632,1995,.50396353,.61138612,56.21135469364812,
15638,1995,.12509145,.22509961,92.89363678588016,
15646,1995,.13885327,.39822364,7.153587524143358,
15660,1995,.34744525,.66792452,0,
15664,1995,.33909181,.60675228,31.86235462800701,
15667,1995,.75890636,.8839466,48.31501389056649,
15673,1995,.7118746,.89766079,36.16636528028933,
15676,1995,.57104558,.74804688,66.54835847382431,
15681,1995,.73947453,.78710592,276.9425542016142,
15686,1995,.19041534,.44363001,50.74854097944684,
15690,1995,.54545456,.64648646,18.8040616773223,
15693,1995,.5794524,.71523786,15.36688436419516,
15696,1995,.70564783,.7846356,0,
15720,1995,.72261304,.85929203,25.03755633450175,
15723,1995,.34504792,.4600639,0,
15740,1995,.5412035,.60884356,34.40366972477064,
15753,1995,.59388536,.76540345,9.24513474783895,
15755,1995,.1659119,.77095586,11.55535012710885,
15757,1995,.25536671,.6076389,0,
15759,1995,.34054878,.58887124,13.12639950582966,1
15761,1995,.7730239,.80453074,32.07184092366901,
15762,1995,.36000001,.38035855,34.63803255975061,
15763,1995,.31803921,.63911963,0,
15764,1995,.3456848,.55891979,29.69561989606533,
15774,1995,.4637931,.78390461,0,
15776,1995,.42781833,.61584878,15.21375323292256,
15778,1995,.67764407,.78537285,40.23335345001006,
15790,1995,.064935066,.44992673,36.22750875498129,
15798,1995,.7391758,.78129566,18.52537977028529,
15804,1995,.12126201,.49120563,0,
15806,1995,.5119977,.59395301,0,
15808,1995,.50187618,.62327093,37.87878787878788,
15810,1995,.059855521,.40324596,0,
15814,1995,.38732797,.51298147,8.401243384020836,
15816,1995,.43052632,.53850025,18.03751803751804,
15820,1995,.4558011,.72336328,27.47252747252747,
15822,1995,.11327134,.68545753,16.41227638273428,
15832,1995,.12082671,.17345133,0,
15835,1995,.14633334,.45086083,17.09693964780304,
15837,1995,.35882729,.51332527,0,
15839,1995,.28502417,.57959181,0,
15842,1995,.78220212,.8473714,19.97802417340925,
15861,1995,.42095202,.65459609,8.202772537117546,
15879,1995,.56635243,.64832217,25.69373072970195,
15897,1995,.26241136,.66990292,33.17299718029524,
17001,1995,.71129811,.6764825,66.95383059244082,1
17013,1995,.55364209,.69532871,24.4299674267101,1
17042,1995,.66347849,.72490847,57.31922398589065,1
17050,1995,.78604728,.82310408,67.81959986436081,
17088,1995,.67856258,.80638093,98.99683210137275,
17174,1995,.6592648,.76399386,176.8982006136156,1
17272,1995,.62733781,.78960234,30.39698461912578,
17380,1995,.50488502,.57832265,66.45666360966014,1
17388,1995,.53803486,.74144179,80.36001285760206,
17433,1995,.66465116,.87035114,35.47042653187904,1
17442,1995,.65242881,.66768295,94.73060982830077,
17444,1995,.61789125,.79601258,50.98464087693582,
17446,1995,.63221157,.78395861,70.55503292568204,
17486,1995,.68929064,.67512196,87.60236145496096,1
17495,1995,.38955823,.66666669,0,
17513,1995,.59442151,.78385282,38.65481252415925,
17524,1995,.55341202,.60671395,129.4341301621971,1
17541,1995,.757047,.87378877,123.9789964994166,1
17614,1995,.64353114,.56123805,129.5309725268986,1
17616,1995,.48698145,.6532501,109.2697140775815,
17653,1995,.60568273,.76648468,48.61266920948321,1
17662,1995,.30126336,.58090878,64.1515951540872,1
17665,1995,.61838728,.70195729,0,
17777,1995,.51837927,.012335958,156.5938716776706,1
17867,1995,.38823858,.66612774,52.63619615755768,
17873,1995,.66244251,.6801843,32.7959837533742,1
17877,1995,.8339318,.81516093,184.0561371218222,
18001,1995,.54809457,.70437086,97.57222562246645,1
18029,1995,.31929824,.58946556,128.1065846784525,
18094,1995,.34556407,.58875501,230.7470435535045,
18150,1995,.08991228,.4143202,121.36368651392,1
18205,1995,.52364576,.67877269,54.11255411255411,
18247,1995,.41292489,.59639496,90.47619047619047,1
18256,1995,.28523862,.60191518,105.6105610561056,
18410,1995,.20189275,.47962964,113.045444268596,1
18460,1995,.16479401,.66078067,93.0232558139535,
18479,1995,.35570469,.67274678,85.94757198109154,
18592,1995,.51111937,.48070973,104.2690737927131,1
18610,1995,.32954547,.46282881,68.28010014414689,
18753,1995,.24575965,.37663433,115.6737998843262,1
18756,1995,.20564516,.38661203,57.48778384593274,
18785,1995,.34661356,,0,
18860,1995,.30305678,.59846151,102.0176830650646,
19001,1995,.53362375,.54353887,49.45739530725407,1
19022,1995,.22068965,.14117292,14.73622163277336,
19050,1995,.18461539,.066202924,22.15330084182543,1
19075,1995,.2309933,.1274077,73.70215118153762,
19100,1995,.42935845,.32336271,41.0671131398967,1
19110,1995,.10158344,.41465101,35.05491937368544,
19130,1995,.26427862,.44563526,25.47040657136489,1
19137,1995,.28564557,.65357459,31.89905720564259,1
19142,1995,.15231051,.23349077,19.50512706197058,1
19212,1995,.13453281,.15823941,89.22122615456516,1
19256,1995,.25700051,.49705386,34.97267759562842,1
19290,1995,.29221436,.196063,83.30556481172943,
19300,1995,,,0,
19318,1995,.2969045,.32414258,0,1
19355,1995,.39381033,.27562478,34.69662141648957,1
19364,1995,.06936416,.052540414,0,
19392,1995,.11826087,.54878521,40.29658284977434,
19397,1995,.17258629,.33611739,60.25003765627353,1
19418,1995,.23117921,.36124215,0,
19450,1995,.30757138,.26053244,108.7018708164083,
19455,1995,.21791653,.25061235,58.03053298812605,1
19473,1995,.32527107,.39795917,20.29715028010067,1
19513,1995,.061715838,.14599527,39.12745769343637,
19517,1995,.11866666,.25481409,9.262117937635072,1
19532,1995,.39445767,.36869305,57.8250960917038,1
19533,1995,.23224044,.49135801,0,
19548,1995,.4689258,.63960439,45.51342646080594,1
19573,1995,.15274319,.022335423,38.83327580255437,1
19585,1995,.26666668,.30950344,62.73132174894925,
19622,1995,.34124246,.54065573,52.16937657594992,
19693,1995,.22460938,.57553005,10.55297593921486,
19698,1995,.29486316,.47466892,51.60757599215565,1
19701,1995,,.50701755,0,
19743,1995,.23280701,.25318152,14.98621268433041,1
19760,1995,.17012449,.4322066,0,
19780,1995,.15855646,.54972434,33.77237419790612,1
19785,1995,.11010215,.074859641,0,
19807,1995,.44144773,.67950261,39.14047516536851,1
19809,1995,.19937587,.24619219,0,1
19821,1995,.033966243,.056624096,4.063058670567203,1
19824,1995,.23580247,.21488763,34.82379161443097,
19845,1995,.098595425,.19440493,0,
20001,1995,.4068259,.62813592,51.04525228780119,1
20011,1995,.35803506,.6675294,121.5871171694519,1
20013,1995,.28973895,.70115739,74.29862101759392,1
20032,1995,.1889364,.76054001,57.97101449275362,
20045,1995,.20038974,.63159567,68.26404532732609,
20060,1995,.25376615,.77604979,100.1617998304954,1
20175,1995,.32342836,.7376377,7.69605705343629,1
20178,1995,.28562421,.74072868,13.84322547153487,1
20228,1995,.32735229,.71600181,62.4857986821177,1
20238,1995,.27625716,.77382231,54.16489341122761,1
20250,1995,.18267359,.61163592,61.5060188032686,
20295,1995,.30925444,.68778396,105.161686092367,
20310,1995,.45498782,.72557396,0,
20383,1995,.21964286,.66255742,26.86583203481812,
20400,1995,.19611308,.40840945,54.95310668229777,1
20443,1995,.1363406,.59267533,0,
20517,1995,.16154179,.44197756,151.6550178029804,
20550,1995,.1644595,.66605699,69.5014848044481,
20570,1995,.42281878,.66372395,0,
20614,1995,.38879737,.60917687,48.54074388690007,
20621,1995,.22612649,.064842679,50.44984444631295,1
20710,1995,.37097183,.60885769,260.9381637235269,
20750,1995,.43670151,.8007977,65.35093451836362,
20770,1995,.67273587,.76607144,163.4463837487596,
20787,1995,.36154526,.64326376,25.21909085177479,
23001,1995,.43552837,.67329991,45.80384093215759,1
23068,1995,.31831396,.75132173,22.94185123091856,1
23079,1995,.34602004,.36985803,25.69208041621171,
23090,1995,.26971135,.5472917,15.27067267313125,
23162,1995,.40333912,.57918733,18.62395572819667,1
23168,1995,.3617945,.53771484,16.90045631232043,
23182,1995,.34607556,.71100563,29.28257686676427,1
23189,1995,.42610294,.62928879,4.772814051164567,1
23300,1995,.5062384,.46666667,0,
23350,1995,.32371795,.40715536,0,
23417,1995,.44642073,.60840565,11.62781040024585,1
23419,1995,.22694848,.5872727,76.13971637955648,
23464,1995,.39517665,.56655723,17.94526693584567,
23466,1995,.35507926,.44250277,32.66843460548061,1
23500,1995,.28376481,.68308967,14.69075951226678,
23555,1995,.39786217,.55350977,44.04510218463707,1
23570,1995,.36605456,.49796954,11.98083067092652,1
23574,1995,.31073689,.52959198,67.98096532970767,
23580,1995,.23370896,.30775303,24.48100274187231,
23586,1995,.50154138,.64598233,7.338372349012989,
23660,1995,.32282692,.5688324,8.160600620205647,1
23670,1995,.23956233,.45096931,24.04616864379609,1
23672,1995,.41136578,.42592594,22.06409619945943,1
23675,1995,.22902232,.47347912,14.75579164822193,1
23678,1995,.48156974,.53963262,16.4239570787255,
23682,1995,,,0,
23686,1995,.33435044,.45808506,30.53265606350793,1
23807,1995,.45265374,.50526243,49.06696106843308,1
23815,1995,,,0,
23855,1995,.65803277,.61239564,126.869401407097,1
25001,1995,.37069875,.54246813,38.81987577639751,
25019,1995,.60363638,.78619045,53.83097075183922,
25035,1995,.44206822,.83184493,41.40786749482402,
25040,1995,.36790016,.73892337,46.48074369189907,
25053,1995,.71782178,.81710976,23.27746741154562,
25086,1995,.061895553,.68330956,0,
25095,1995,.460733,.83022571,0,
25099,1995,.52987421,.6787219,0,
25120,1995,.13533151,.43492064,79.53867568104991,
25123,1995,.37469718,.54182655,19.13875598086124,
25126,1995,.63675869,0,48.52983157293748,1
25148,1995,.4912689,.85223448,39.38364594102299,
25151,1995,.7399826,.78197426,52.64820469621986,
25154,1995,.68673432,.75914508,21.31514441010338,
25168,1995,.26364478,.84782606,0,
25175,1995,.64859325,.7146281,48.17134175714233,1
25178,1995,.58423394,.76613885,22.95157218269452,
25181,1995,.73750728,.82480979,40.17032216598377,
25183,1995,.58403361,.74467093,41.85101040296544,
25200,1995,.64808494,.71124303,28.42120221685377,
25214,1995,.57601529,.67563528,83.51681725001897,
25224,1995,.59504133,.76818544,11.53934918070621,
25245,1995,.41652536,.75888121,40.83299305839118,
25258,1995,.54070663,.92162472,32.441200324412,
25260,1995,.59467638,.84379923,0,
25269,1995,.54803443,.66149318,46.08,1
25279,1995,.74560344,.85568798,11.37138958380714,
25281,1995,.72623092,.88796514,0,
25286,1995,.51344627,.65360832,44.44543212071379,1
25288,1995,.28857142,.57590079,0,
25290,1995,.4517253,.68876797,42.94086926246156,1
25293,1995,.33415031,.83619606,32.27368081329676,
25295,1995,.5813008,.63986963,48.34810636583401,
25297,1995,.70789564,.86314678,41.11419467571179,
25299,1995,.76078433,.89710414,0,
25307,1995,.42197075,.52252173,46.80324112444787,1
25312,1995,.37460318,.69548714,0,
25317,1995,.32517195,.018404908,25.37856357330175,
25320,1995,.36870483,.69661599,32.45699448231094,1
25322,1995,.68891072,.8097508,0,
25324,1995,.18529412,.50391936,0,
25326,1995,.71674174,.77087456,45.68296025582458,
25328,1995,.64513272,.8498677,24.32498175626368,
25335,1995,.53047675,.82130587,35.08156463778285,
25339,1995,.75335968,.93114752,84.50704225352113,
25368,1995,.2454955,.73214287,0,
25372,1995,.64984614,.89945388,25.90897314103118,
25377,1995,.60378516,.68534034,85.79599618684462,
25386,1995,.43929914,.70175046,39.31332721792688,1
25394,1995,.2190984,.74946636,66.16674018526687,
25398,1995,.60926771,.90544313,39.35458480913026,
25402,1995,.47692937,.70872486,54.13766434648105,
25407,1995,.58513343,.79197758,20.96436058700209,
25426,1995,.69638354,.89149922,38.18737270875764,
25430,1995,.62387455,.68230373,43.79338281985592,1
25436,1995,.71493441,.84297132,0,
25438,1995,.52304608,.84264499,137.9198442317053,
25473,1995,.53098136,.64305192,72.80964323274816,1
25483,1995,.2701363,.52219874,0,
25486,1995,.58215857,.57914627,20.89427496865859,
25488,1995,.33420229,.69269407,19.90445859872612,
25489,1995,.81827414,.92742455,52.41090146750524,
25491,1995,.70884913,.75531471,46.10844706750277,
25506,1995,.19595782,.73653567,36.77822728944465,
25513,1995,.67099112,.83350819,64.33166547533953,1
25518,1995,.38779804,.76927638,15.11944360447536,
25524,1995,.36939102,.73873872,38.87269193391643,
25530,1995,.36773905,.76780444,278.2802281897871,
25535,1995,.19414634,.46644905,37.66478342749529,
25572,1995,.40876329,.54030913,55.16154452324665,
25580,1995,,.88261354,0,
25592,1995,.66666669,.91129786,34.71017007983339,
25594,1995,.44422212,.69835782,32.31017770597739,
25596,1995,.43502825,.89078993,25.75107296137339,
25599,1995,.29926443,.7230109,0,
25612,1995,.33755821,.52103925,71.61271841879118,
25645,1995,.46906924,.69442999,0,
25649,1995,.54463643,.78269857,51.7306245297216,
25653,1995,.47740114,.81743526,37.60105282947923,
25658,1995,.77969545,.82420576,14.57513481999708,
25662,1995,.27687442,.74376732,43.26756663205261,
25718,1995,.732656,.85465115,75.93014426727412,
25736,1995,.62381482,.69074124,46.35352286773795,
25740,1995,.50525087,.61139256,54.5872811634889,1
25743,1995,.36770311,.76438236,47.84480883824105,
25745,1995,.67685837,.7506932,21.33788541555532,
25754,1995,.4565407,.64036518,42.73094678998738,1
25758,1995,.72257382,.6875608,31.15022194533136,
25769,1995,.69276989,.85181683,15.78282828282828,1
25772,1995,.52248979,.67171508,33.57676487870394,
25777,1995,.81633663,.40570176,15.24157902758726,
25779,1995,.51418746,.66806549,0,
25781,1995,.54226673,.73609596,46.06172270842929,
25785,1995,.70060396,.76420796,27.43484224965707,
25793,1995,.54599851,.78876638,0,
25797,1995,.461878,.80769229,65.09357200976403,
25799,1995,.57802278,.73786891,29.14092551579438,
25805,1995,.19191919,.74432987,15.600624024961,
25807,1995,.7383101,.86534375,0,
25815,1995,.33758679,.70458686,43.19121367310422,
25817,1995,.57064784,.60234761,38.22629969418961,
25823,1995,.14482759,.81090176,81.3890396093326,
25839,1995,.60493082,.78797561,14.55180442374854,
25841,1995,.51994562,.75847977,12.87001287001287,
25843,1995,.60749835,.68521756,13.59360556794084,1
25845,1995,.23221196,.66358417,43.27131112072696,
25851,1995,.25471699,.87544328,38.07348181991243,
25862,1995,.73194563,.85906917,37.65060240963856,
25867,1995,.35499999,.82068062,42.58037044922291,
25871,1995,.48725212,.81501341,0,
25873,1995,.73177081,.83190626,25.98583771844345,
25875,1995,.61731178,.82120901,53.06916681408102,1
25878,1995,.25475544,.76682514,11.44819690898684,
25885,1995,.72742021,.73946363,60.63362134303471,
25898,1995,.50175852,.67355824,0,
25899,1995,.48416412,.582883,46.88113731105001,1
27001,1995,.23833144,.41847324,25.58938123225252,1
27006,1995,.18791574,.71923077,697.1010796565502,
27025,1995,,.21008404,9.109127345600292,1
27050,1995,.099332839,.40264317,0,
27073,1995,.071533926,.57789856,12.97269248232471,
27075,1995,.21360609,.72609258,11.89060642092747,
27077,1995,.20327219,.76428229,4.21123557651815,1
27099,1995,.00098135427,.64729732,0,
27135,1995,.043933053,.17914438,0,
27150,1995,.13095239,.70707071,0,
27160,1995,.17457886,.37162837,0,
27205,1995,.26988637,.52801895,10.16570092507878,
27245,1995,.44497895,.86118674,78.08433107756377,
27250,1995,.057817589,.1195097,21.60060481693488,
27361,1995,.15090252,.50023842,18.00309653260361,1
27372,1995,.0036363637,.79648238,20.04409701342955,
27413,1995,.054258242,.25963855,0,
27425,1995,,.34892789,0,
27430,1995,.10966258,.36922014,0,
27450,1995,.1040872,.33686066,0,
27491,1995,.13471074,.35216951,21.67551750298038,
27495,1995,.081619941,.52127659,17.46724890829694,
27580,1995,.076071925,.625,0,
27600,1995,.020882584,.40769231,0,
27615,1995,.24792139,.50959486,0,1
27660,1995,.32738718,.39881831,13.78169790518192,
27745,1995,.040925268,.1671159,0,
27787,1995,.39492431,.74139625,23.57378595002357,1
27800,1995,.33951408,.65009469,171.7967072297781,
27810,1995,.14597316,.49372646,0,
41001,1995,.53706425,.63872957,20.72424321971843,1
41006,1995,.59808022,.88716501,48.71157874226704,1
41013,1995,.52356595,.71716356,12.18472036066772,
41016,1995,.26601356,.49538037,33.54016434680531,
41020,1995,.31658292,.49133784,122.3491027732463,1
41026,1995,.59663868,.71645367,69.49270326615705,
41078,1995,.38935107,.5098266,101.6834256016269,
41132,1995,.28716326,.50140625,41.72751929897768,1
41206,1995,.49559858,.27092198,9.606147934678194,
41244,1995,.66826004,.87909514,35.32320734722713,
41298,1995,.6675809,.78807598,42.65778301407707,1
41306,1995,.32238755,.66857868,0,1
41319,1995,.66059381,.86378354,61.51007227433492,
41349,1995,.23824786,.53951526,50.8560773012375,
41357,1995,.47965115,.51622564,0,
41359,1995,.49676478,.82951212,48.58614323195025,
41378,1995,.41184211,.66626436,21.89860943830067,
41396,1995,.52716774,.72426134,46.94603676615932,1
41483,1995,.48354793,.73801559,0,
41503,1995,.61336666,.91691661,61.26700159294204,
41518,1995,.7236287,.81626016,0,
41524,1995,.59655833,.62880599,25.32286654849329,
41530,1995,.47794119,.79617119,66.56312402928778,
41548,1995,.66171503,.79260778,8.476012883539582,
41551,1995,.55708671,.79476804,76.67393747108203,1
41615,1995,.38679627,.55429035,27.94076557697681,
41660,1995,.55812538,.90486795,34.98542274052478,
41668,1995,.45487827,.84552658,23.00525286607109,1
41676,1995,.65266562,.89195335,10.52631578947368,
41770,1995,.4844757,.78906494,44.5632798573975,
41791,1995,.60730302,.77238274,42.91845493562231,
41797,1995,.66000003,.80936456,24.01825387294344,
41799,1995,.32406992,.44068286,27.29630135116692,
41801,1995,.60900217,.77435899,40.67796610169491,
41807,1995,.6622799,.89847028,0,
41872,1995,.26807979,.42479047,0,
41885,1995,.58661282,.54255319,0,
44001,1995,.29190516,.55941296,89.30605549733448,1
44035,1995,.38809213,.36707279,0,
44078,1995,.26672679,.28522694,27.76717226059491,
44090,1995,.16343883,.40822467,0,
44098,1995,.080315873,.39344865,0,
44110,1995,.19395579,.47573698,108.3619288423334,
44279,1995,.1628115,.27551273,27.78978570987464,1
44378,1995,.33023256,.25131178,0,
44420,1995,.22184874,.52910602,0,
44430,1995,.12918998,.42471111,9.99491168132587,1
44560,1995,.36370352,.3956044,23.96685726024583,1
44650,1995,.45120686,.65510815,19.78015767611405,1
44847,1995,.13480848,.39876544,17.82588967394827,1
44855,1995,.30705395,.49102774,87.1839581517001,
44874,1995,.30127072,.59706843,30.68896731624981,
47001,1995,.34241194,.44968405,60.99115173142046,1
47030,1995,.46191406,.75619388,0,
47053,1995,.15645635,.64089805,13.32129482985746,1
47058,1995,.79596287,.57135057,14.80165778567199,1
47161,1995,.0077765994,.55555558,17.36563341147868,
47170,1995,.84226942,.73472774,28.61885410108179,
47189,1995,.24041581,.36805126,70.32086227067931,1
47205,1995,.62557602,.5852018,0,
47245,1995,.50892371,.68783587,27.72002772002772,1
47258,1995,.82586402,.83781582,9.63020030816641,
47268,1995,.13639762,.65694249,0,
47288,1995,.34520915,.74455994,27.43088139753122,1
47318,1995,.35786352,.70303655,30.95123461035835,1
47460,1995,.79920095,.81857616,0,
47541,1995,.73703796,.71589959,11.73777803861729,
47545,1995,.56798559,.80202359,0,
47551,1995,.74351633,.54437399,11.80846667060282,1
47555,1995,.38126704,.61974436,12.80885347952505,1
47570,1995,.22937791,.42854032,82.3364169128687,
47605,1995,.83270252,.60867208,44.56895453966637,
47660,1995,.45989954,.84993118,0,
47675,1995,.80801338,.16572717,29.85668789808917,
47692,1995,.25033677,.56660664,19.08761213972132,
47703,1995,.47799829,.69706219,29.62962962962963,
47707,1995,.52803826,.80265045,22.35785990564983,1
47720,1995,.33587787,.62383837,0,
47745,1995,.30834448,.50259578,0,1
47798,1995,.78643996,.5855214,8.253889645495439,
47960,1995,.91971326,.8371985,0,
47980,1995,.16767772,.6713919,0,
50001,1995,.66697377,.69422323,47.76393999433909,1
50006,1995,.63054705,.7356357,76.44505819688302,1
50110,1995,.31145832,.61397058,0,
50124,1995,.36231884,.68821687,26.80246582685607,
50150,1995,.68834984,.74154198,209.2536619390839,
50223,1995,.74879229,.68393785,41.91114836546522,
50226,1995,.54599762,.7500838,25.1398403620137,
50245,1995,,.89203924,0,
50251,1995,.32225913,.69869405,36.27459871225174,
50270,1995,.76163876,.85898471,0,
50287,1995,.31958762,.66329116,42.32804232804233,
50313,1995,.50883657,.67826325,241.0689098043239,1
50318,1995,.7538507,.81908494,36.58536585365854,
50325,1995,.88203269,.70677966,30.78501795792714,
50330,1995,.27272728,.74329501,144.5306557127643,
50350,1995,.44278607,.47506133,16.49756660892518,
50370,1995,.049180329,.73441106,0,
50400,1995,.44478217,.79323971,46.89803028272812,
50450,1995,.3691057,.45726055,65.33507560201606,
50568,1995,.42355117,.57487309,56.08524957936063,
50573,1995,.56257951,.19886594,72.27754577577899,1
50577,1995,.35130972,.6919592,47.32980989193027,
50590,1995,.37670609,.54244304,28.98718766305293,
50606,1995,.66615385,.77053881,25.45824847250509,
50680,1995,.65968418,.78837556,145.0852375770765,
50683,1995,.40688914,.69105113,69.23837784371909,
50686,1995,,.89999998,0,
50689,1995,.62924546,.7691229,85.69898232458489,
50711,1995,.63924962,.83412075,32.36944324557618,
52001,1995,.58215129,.4960089,34.60700690104431,1
52019,1995,.66442305,.88257474,0,
52022,1995,.34705374,.62768322,12.0033609410635,
52036,1995,.27136433,.37605113,12.05908953873983,
52051,1995,.50105113,.61860234,0,
52079,1995,.27280065,.29586232,22.33555448013997,1
52083,1995,.33832502,.60239232,0,
52110,1995,.52691215,.70609158,30.0105036762867,
52203,1995,.26109511,.57443023,0,
52207,1995,.39951989,.42783085,0,
52210,1995,.58052433,.46592629,0,
52215,1995,.23249921,.17707781,6.807351940095303,
52224,1995,.47089201,.36569342,0,
52227,1995,.41056421,.36470002,18.67832193955695,1
52233,1995,.27594072,.051574375,87.527352297593,
52240,1995,.61003071,.48447865,0,
52250,1995,.057102572,.050580047,10.79097874177188,
52254,1995,.18540773,.10452636,0,
52256,1995,.21544716,.12717536,20.37905033625433,
52258,1995,.12605043,.69525194,31.62355322244007,
52260,1995,.4587675,.45449004,11.89838776845737,1
52287,1995,.28270349,.33163503,0,
52317,1995,.36256248,.3113924,28.78111958555188,
52320,1995,.36393195,.2375453,12.0033609410635,1
52323,1995,.45986462,.5830332,0,
52352,1995,.59564167,.36198592,14.13227812323346,
52354,1995,.50859451,.27065173,0,
52356,1995,.48443165,.44777775,30.70999137757935,1
52378,1995,.64713758,.78329486,22.44417012680956,
52381,1995,.37470168,.25936684,0,
52385,1995,.23153253,.2829392,25,
52390,1995,.18650422,.10780669,0,
52399,1995,.30694947,.46123856,45.64516589164979,1
52405,1995,.21252973,.18742086,78.71261150953298,
52411,1995,.14097914,.23250152,10.90393632101189,
52418,1995,.42330623,.2127835,0,
52427,1995,,.094290659,0,
52435,1995,.27393618,.14562118,0,
52473,1995,.063552834,.061517429,41.4765657403567,
52480,1995,.43282312,.58541667,0,
52490,1995,.036822509,.11948956,20.17756255044391,1
52506,1995,.56004685,.22234215,25.32286654849329,
52520,1995,.053947367,.03626306,11.66180758017493,
52540,1995,.22014925,.050827425,51.41828777101723,
52560,1995,.41026896,.43239042,0,
52565,1995,.34437871,.12039474,0,
52573,1995,.43693694,.3778027,58.94240485011788,
52585,1995,.58608198,.55424452,10.85481682496608,
52612,1995,.34073359,.19771709,57.70340450086555,
52621,1995,.08667288,.072697006,0,
52678,1995,.23372549,.10205857,10.11565566308123,1
52683,1995,.25816995,.26265711,41.75682344455833,1
52685,1995,.47530866,.79941541,0,
52687,1995,.46454993,.50671786,0,
52693,1995,.38356164,.50845212,0,
52694,1995,.42553192,.6358586,0,
52696,1995,.036166366,.25600663,0,
52699,1995,.24709609,.085806452,0,
52720,1995,.41327518,.21132649,10.52299273913501,
52786,1995,.28544062,.14134495,0,
52788,1995,.47036526,.28248784,6.192333890643384,
52835,1995,.27596208,.28527582,14.03114915111547,1
52838,1995,.47013393,.33414248,59.96002664890074,1
52885,1995,.50654548,.25114295,55.34646889528448,
54001,1995,.63849425,.64693308,72.91167892743655,1
54003,1995,.47536126,.79092699,81.46516609842199,1
54051,1995,.50472236,.79205006,71.32667617689016,
54099,1995,.42808941,.69072616,49.69355640218652,
54109,1995,.51563823,.78052437,157.6044129235619,
54125,1995,.40419161,.74088293,50.74854097944684,
54128,1995,.81296241,.89896071,9.668374746205163,
54172,1995,.65785348,.74847144,22.11247880887447,
54174,1995,.1443457,.80886757,101.047216608488,
54206,1995,.38961938,.43404385,57.19062073819894,
54223,1995,.60033613,.80310136,89.52551477170994,
54239,1995,.28528166,.58538163,47.16239584970916,
54245,1995,.25564769,.77173913,0,
54250,1995,.29963636,.0824202,90.49773755656109,
54261,1995,.4620426,.64873862,125.5098839033574,
54313,1995,.55802667,.8163017,66.28662335940606,
54344,1995,.2167991,.20015164,29.75009916699722,
54347,1995,.69237363,.8573668,0,
54377,1995,.42475986,.75601923,0,
54385,1995,.57742184,.78840685,27.6141384388807,
54398,1995,.62989324,.7925052,35.6718192627824,
54405,1995,.57779807,.62531805,32.72944302189022,1
54418,1995,.66743827,.86531228,25.93360995850622,
54480,1995,.48784879,.77786201,84.28150021070375,
54498,1995,.48165995,.63096517,40.29390850912539,1
54518,1995,.51976335,.6387217,26.8781077812122,1
54520,1995,.74249423,.82070708,64.36387041407423,
54553,1995,.6975925,.75754476,133.953195177685,
54599,1995,.66917765,.86437815,14.17836381681554,
54660,1995,.59945691,.75583595,49.34616333580064,
54670,1995,.10292249,.1105736,32.25806451612903,
54673,1995,.45529488,.50960976,54.22993492407809,
54680,1995,.51401871,.74133086,111.8568232662192,
54720,1995,.64879853,.72814637,41.81650915781551,1
54743,1995,.20126146,.85158503,103.6883424677825,
54800,1995,.22132796,.34330985,50.46257359125315,
54810,1995,.6531508,.58357769,146.2484656969,1
54820,1995,.61535192,.8186245,4.996752111127767,
54871,1995,.62900186,.91398513,58.18463925523662,
54874,1995,.5686757,.68687326,51.28392981427891,1
63001,1995,.69264024,.6645897,59.31754785762287,1
63111,1995,.007822237,.7495935,61.69031462060457,
63130,1995,.62638432,.71513104,79.24860581156443,1
63190,1995,.66059881,.74243307,38.06301543666737,1
63212,1995,.31591308,.46107784,107.0827596756922,
63272,1995,.75709027,.76632607,99.25937237535314,
63302,1995,.52283847,.62292117,107.3153282060454,
63401,1995,.50535512,.61479092,72.05187735169322,1
63470,1995,.52951223,.71325523,83.69782385657973,1
63548,1995,.65459967,.70581257,99.9222826690352,
63594,1995,.58495069,.66759968,129.8701298701299,1
63690,1995,.69766438,.75666416,87.29267988527248,
66001,1995,.70107311,.71123868,81.30746248550658,1
66045,1995,.77058375,.81976157,178.6777843954735,
66075,1995,.40977743,.56505424,168.0436913597535,
66088,1995,.77678198,.78065962,109.9363016134769,1
66170,1995,.70273685,.72558039,32.83263563982599,1
66318,1995,.68774468,.75108171,65.0464194902726,
66383,1995,.58987647,.7801339,103.6269430051813,
66400,1995,.64078498,.64363271,138.871354626941,1
66440,1995,.62942463,.71545345,101.3807086994303,
66456,1995,.47778827,.55163401,93.64391899801007,
66572,1995,.60225987,.61271673,56.74161288034612,
66594,1995,.2081479,.36882505,50.6059395392196,1
66682,1995,.76800269,.78601074,53.58591125014483,1
66687,1995,.69981277,.7507599,207.0515854235684,
68001,1995,.40028334,.49393448,70.72925585377658,1
68013,1995,.46706587,.82905984,335.2329869259135,
68020,1995,.46543503,.71108264,42.92459579338961,
68051,1995,.19826965,.38064048,0,
68077,1995,.29029304,.49226305,78.76082961407194,1
68079,1995,.38344079,.52392346,0,
68081,1995,.26712063,.24872774,10.76113508452872,1
68092,1995,.33710107,.61548734,0,
68101,1995,.35848475,.61685717,0,
68121,1995,.69708031,.78088576,0,
68132,1995,.0024570024,.88449848,204.3596730245231,
68147,1995,.58836591,.76435167,211.2490097702667,
68152,1995,.18232323,.6049841,0,
68160,1995,.056672759,.78265768,0,
68162,1995,.038733862,.70335573,28.81429188877684,
68167,1995,.45545566,.58831811,117.1731966312706,
68169,1995,.57890296,.90285051,0,
68176,1995,.16666667,.42470694,0,
68179,1995,.054453161,.26754892,0,
68190,1995,.46041667,.57209533,57.48668225194496,1
68207,1995,.097328246,.62215543,0,
68209,1995,.51449955,.69433594,0,
68211,1995,.35325131,.73333335,0,
68217,1995,.18580192,.52954048,0,
68229,1995,.44444445,.51497787,9.654373431164318,
68235,1995,.77942938,.83221477,0,
68245,1995,.38255814,.84359235,0,
68250,1995,.58489209,.6567657,0,
68255,1995,.39087412,.72423768,84.37038599451593,
68264,1995,.37062937,.60281688,0,
68266,1995,.23971079,.43778801,0,
68271,1995,.080175512,.27996537,0,
68276,1995,.41022384,.49642688,10.97281128195831,1
68296,1995,.37643933,.76302934,0,
68298,1995,.47775495,.7868284,0,
68307,1995,.36234865,.50810796,20.90232015753749,1
68318,1995,.38786483,.71912205,0,
68320,1995,.68525517,.85948581,0,
68322,1995,.32771084,.57795697,85.87376556462002,
68324,1995,.20992762,.444206,0,
68327,1995,.13427763,.42578948,19.09854851031321,
68344,1995,.040042151,.19933185,0,
68368,1995,.32667127,.610219,0,
68370,1995,.66105264,.67311412,0,
68377,1995,.62288135,.77282751,0,
68385,1995,.12642513,.29329211,93.04180235262844,
68397,1995,.43534231,.69328398,0,
68406,1995,.32591859,.50050563,70.5436268242141,1
68418,1995,.37832093,.50764525,0,
68425,1995,.39618406,.72547078,248.0270574971815,
68432,1995,.48281333,.70943606,83.2313341493268,
68444,1995,.44191617,.82286787,56.07738679377541,
68464,1995,.40363961,.68695414,0,
68468,1995,.52358288,.73811835,0,
68498,1995,.40804598,.48085758,0,
68500,1995,.29128441,.5058853,170.0510153045914,
68502,1995,.50602877,.6713376,118.3276360767815,
68522,1995,.085561499,.38248175,0,
68524,1995,.4792586,.60057747,0,
68533,1995,.36480412,.45482865,0,
68547,1995,.40781268,.49689174,16.89494961684668,1
68549,1995,.25077209,.37296945,0,
68572,1995,.33709738,.5418486,96.07233681831025,
68573,1995,.40222335,.51662564,0,
68575,1995,.25462511,.41956034,59.89418693641234,1
68615,1995,.38774607,.61024421,2.282531784255096,1
68655,1995,.21498054,.48949319,90.10812975570684,
68669,1995,.36871985,.74170238,0,
68673,1995,.22577423,.51054382,0,
68679,1995,.37211618,.43840644,48.39901164123596,1
68682,1995,.36041486,.57446808,0,
68684,1995,.5955115,.77984345,0,
68686,1995,.38286895,.71172786,0,
68689,1995,.44878498,.63453978,36.20326487625066,1
68705,1995,.6122449,.7977528,0,
68720,1995,.53249633,.78441012,0,
68745,1995,.2335352,.39375001,0,
68755,1995,.38433042,.48069146,56.77900798961755,1
68770,1995,.15052328,.41391942,0,
68773,1995,.60887551,.78057671,0,
68780,1995,.48644337,.79727685,0,
68820,1995,.059536543,.42411038,0,
68855,1995,.21101342,.31073171,0,
68861,1995,.24680252,.4025532,50.34190544112094,1
68867,1995,.76550871,.91065663,0,
68872,1995,.70743406,.69218296,0,
68895,1995,.43691209,.6922366,79.70950314409707,
70001,1995,.339214,.51614171,26.4783759929391,1
70110,1995,.43917984,.45817026,49.46209966613083,
70124,1995,.11903868,.34116834,0,
70204,1995,.063618287,.55862457,113.8433515482696,
70215,1995,.32101604,.47304714,15.72852564732713,1
70221,1995,.27649403,.55715913,0,
70230,1995,.032000002,.51040727,22.49718785151856,
70233,1995,.17772903,.32799703,0,
70235,1995,.34907925,.51020408,7.098743522396536,
70265,1995,.21279818,.76675296,15.39527365098915,
70400,1995,.25744048,.41988951,11.02171277416511,
70418,1995,.11582413,.34535414,17.34680601934169,
70429,1995,.32796282,.74128515,6.104260774020267,1
70473,1995,.22158685,.53305596,27.37975723281921,
70508,1995,.169443,.36109826,63.89296049911678,1
70523,1995,.19584906,.44434956,12.64222503160556,
70670,1995,.27310517,.46505353,30.44814127937553,1
70678,1995,.14507073,.48516026,16.80672268907563,1
70702,1995,.33253416,.53295994,7.900766374338311,
70708,1995,.20884319,.55324584,52.69860787844188,1
70713,1995,.31742418,.56004697,45.95396248485608,1
70717,1995,.25004265,.45357832,31.29890453834116,
70742,1995,.35752422,.46920654,5.925925925925926,1
70771,1995,.508762,.72900224,12.13886865744113,1
70820,1995,.28577518,.44802725,23.07670118556552,1
70823,1995,.1885982,.56522512,96.16265225753274,
73001,1995,.58673596,.66749656,30.73331168782886,1
73024,1995,.81203932,.92145592,0,
73026,1995,.25083986,.49609035,63.06760847628658,
73030,1995,.22713961,.46231329,64.23432682425488,
73043,1995,.52572495,.75259513,223.1727729217035,
73055,1995,.21504596,.52059472,44.10143329658214,
73067,1995,.26970401,.68971819,41.0696358492288,1
73124,1995,.61836284,.82275862,52.75020380760562,
73148,1995,.41270357,.67089814,14.33897332950961,
73152,1995,.53209949,.31060606,98.49444209933868,
73168,1995,.23394962,.57558137,82.24232590188713,1
73200,1995,.27688712,.41328546,42.88164665523156,
73217,1995,.18737902,.35565725,30.47270788100408,1
73226,1995,.64697301,.83776593,40.35838243603197,
73236,1995,.56935817,.79666513,85.69796229289659,
73268,1995,.59507471,.62234175,19.29251588187468,1
73270,1995,.1594203,.45726103,40.90606943805287,1
73275,1995,.37122765,.47234574,12.31375446373599,1
73283,1995,.5549258,.74127287,88.82266983754047,1
73319,1995,.56652188,.7127859,30.33896902667071,1
73347,1995,.6757679,.75942028,102.3978155132691,
73349,1995,.36717838,.53197908,50.65856129685918,1
73352,1995,.25100672,.62613863,84.99065102838688,
73408,1995,.30409947,.45451528,65.63689668752461,1
73411,1995,.33352104,.57246095,38.79507074395254,1
73443,1995,.3731645,.59370661,59.38046382740078,1
73449,1995,.57641476,.72300619,74.72371888150391,1
73461,1995,.37817639,.74426806,116.3563829787234,
73483,1995,.33612916,.45301887,32.4912679717326,1
73504,1995,.36371624,.59593201,33.95297512944572,1
73520,1995,.29151094,.63053012,0,
73547,1995,.220258,.36725664,0,
73555,1995,.19416957,.5972352,95.86776859504133,1
73563,1995,.30423281,.67565423,29.26258291065158,
73585,1995,.37852895,.47056797,24.46383429829568,1
73616,1995,.13490099,.38873038,70.3902065799541,1
73622,1995,.44570708,.82942235,34.51052571034165,
73624,1995,.5334999,.72140151,64.26735218508998,1
73671,1995,.56775331,.65668333,24.58966004794984,
73675,1995,.65562916,.81893688,60.68295912175208,
73678,1995,.54680121,.79093736,11.58949991307875,
73686,1995,.72534013,.83177084,29.63841138114997,
73770,1995,.67444795,.73366213,0,
73854,1995,.65443152,.74119717,113.2930513595166,
73861,1995,.38978651,.51817286,90.10632546404757,
73870,1995,.59826088,.81527275,121.5153681200858,
73873,1995,.40237966,.87119323,43.55400696864111,
76001,1995,.60411936,.63173181,108.7042908652841,1
76020,1995,.35895708,.54381865,122.0452209660843,
76036,1995,.5425328,.49096671,156.7146186610946,1
76041,1995,.7886005,.76516819,94.18823693574269,1
76054,1995,.7849794,.83237708,605.1975792096832,
76100,1995,.73065305,.74031329,346.0014509738266,
76109,1995,.18607034,.33685932,48.62417498326053,1
76111,1995,.58211529,.595348,79.34519335170801,1
76113,1995,.47164732,.46840724,159.3723182542601,1
76122,1995,.62531251,.7931121,68.87200568194048,1
76126,1995,.56321055,.65141958,0,
76130,1995,.38311183,.41081184,84.04855420323587,1
76147,1995,.67644721,.70968533,62.58575451941362,1
76233,1995,.45886654,.65102017,51.97078694712656,1
76243,1995,.7438795,.81449896,268.0246582685607,
76246,1995,.77943856,.82499999,203.6878216123499,
76248,1995,.43115309,.45516351,45.65959856080946,1
76250,1995,.80899417,.77242655,128.3176875801986,
76275,1995,.37103173,.36088952,80.42176749173443,1
76306,1995,.41831124,.54956317,214.8920167615773,
76318,1995,.34301576,.44779629,92.263081586925,1
76364,1995,.41821089,.53655887,62.25465612948968,1
76377,1995,.51923555,.64912283,97.8996084015664,
76400,1995,.76739991,.80563653,88.42671194114318,1
76403,1995,.77974784,.72901267,294.4423997055576,
76497,1995,.35961714,.57289118,94.81882831019303,
76520,1995,.53433251,.5209614,41.12760132078354,1
76563,1995,.41516653,.47829303,82.04536887154357,1
76606,1995,.63314068,.6702264,114.1480119221257,
76616,1995,.64288092,.58215547,171.9279812789532,1
76622,1995,.79358494,.75674313,142.5427628288487,1
76670,1995,.46142131,.53829974,133.0998248686515,
76736,1995,.5028621,.65971911,139.2065228199264,1
76823,1995,.76111114,.82209229,137.0839502111093,
76828,1995,.74338365,.75412059,454.3318188939371,
76834,1995,.60657656,.6323806,45.6951598737152,1
76845,1995,.62810946,.69767439,283.191737464601,
76863,1995,.80487806,.83302528,256.2733582487987,
76869,1995,.65500271,.59423441,212.4645892351275,
76890,1995,.52704757,.5804106,138.8187783947501,
76892,1995,.50288272,.44662493,100.3746377323814,1
76895,1995,.49806452,.43798235,183.9297913710652,1
81001,1995,.62105626,.76721799,32.84585907562368,1
81065,1995,.16268191,.2757259,113.5252751411182,1
81220,1995,.51720184,.85026735,164.8955661414437,
81300,1995,.1198102,.20110609,99.93753903810118,
81591,1995,.51108515,.88497216,198.5559566787004,
81736,1995,.29262185,.56038022,122.1036718318458,1
81794,1995,.51211333,.69856054,83.99529626340924,1
85001,1995,.52829111,.77399659,67.53410472288506,1
85010,1995,.4674218,.81651604,226.4273006631085,
85015,1995,.079136692,.91208792,40.290088638195,
85125,1995,.49158487,.86255741,55.44466622310934,
85136,1995,,.48333332,0,
85139,1995,.2917358,.77640289,44.94045389858437,
85162,1995,.0017421603,.87065017,90.32517061421116,
85225,1995,.3932426,.82886463,50.25125628140704,
85230,1995,.29177719,.76631904,66.72004270082734,
85250,1995,.36547902,.84102565,37.55814289428827,1
85263,1995,.28434888,.79696131,85.98452278589853,
85279,1995,,.7874794,268.9075630252101,
85300,1995,.50040162,.83605397,768.4426229508197,
85315,1995,,.50233644,0,
85325,1995,.2223509,.86179578,23.85780746749374,
85400,1995,.3934066,.71789241,43.29941545789131,
85410,1995,.53496957,.88096493,126.0167258563409,
85430,1995,.19482026,.84002197,149.9063085571518,
85440,1995,.40242106,.23529412,34.12802886256155,
86001,1995,.49572542,.61507779,56.54709312599399,1
86219,1995,.42557651,.63099217,66.51884700665188,
86320,1995,.26763332,.59673756,26.96063746929483,1
86568,1995,.49975005,.41519293,152.1898427371625,1
86569,1995,.31678084,.26237386,0,
86571,1995,.43173862,.64272726,0,1
86573,1995,.57002586,.66831309,52.48359887535145,
86749,1995,.43585527,.58996898,93.19664492078284,
86755,1995,.50765461,.70755172,76.27765064836004,
86757,1995,.36674091,.10861423,10.52077853761178,
86760,1995,.30899936,.55785328,31.21748178980229,
86865,1995,.22508445,.10311257,130.7014310131036,1
86885,1995,.4507452,.5282675,59.46818452128111,
88001,1995,.43041635,.5351125,25.41683611224074,1
88564,1995,.32363635,.55555558,142.8863033272096,
91001,1995,.4161886,.45154765,40.08510375874934,1
91263,1995,.49411765,.40000001,0,
91405,1995,.5,.22374429,0,
91407,1995,.16666667,.40860215,0,
91430,1995,0,0,0,
91460,1995,.5,.17647059,0,
91530,1995,.60000002,.5,0,
91536,1995,.5,.46551725,0,
91540,1995,.2913669,.12691467,0,
91669,1995,.41176471,.61363637,0,
91798,1995,.30405405,.38345864,0,
94001,1995,.40319473,.52763343,40.09221208780195,
94343,1995,.5321101,.68148148,0,
94663,1995,.44444445,.71428573,0,
94883,1995,,.30769232,0,
94884,1995,.61904764,.41176471,0,
94885,1995,,0,0,
94886,1995,.13333334,.66666669,0,
94887,1995,.12,.2,0,
94888,1995,.024390243,0,0,
95001,1995,.51100904,.63391209,17.8915770431187,1
95015,1995,,.49367088,0,
95025,1995,.2296588,.57338196,0,
95200,1995,,.46943232,306.7669172932331,
97001,1995,.27983409,.55795676,56.2271577171774,1
97161,1995,,.72972971,0,
97511,1995,,.31730768,0,
97666,1995,.33333334,.68656719,0,
97777,1995,,.041666668,0,
97889,1995,.44635195,.7352941,0,
99001,1995,.27127185,.52422148,65.242211710977,
99524,1995,.45923346,.88265836,28.74664622460713,
99624,1995,.31152648,.77777779,0,
99773,1995,.22959889,.53564727,2.418145765826764,
